{
  "means": {
    "shape": [
      1999396,
      3
    ],
    "dtype": "float32",
    "mins": [
      -5.990123271942139,
      -3.0626630783081055,
      -5.860974311828613
    ],
    "maxs": [
      5.172729015350342,
      3.805104970932007,
      5.843206882476807
    ],
    "files": [
      "means_l.webp",
      "means_u.webp"
    ]
  },
  "opacities": {
    "shape": [
      1999396
    ],
    "dtype": "float32",
    "mins": [
      -10.818072319030762
    ],
    "maxs": [
      18.17692756652832
    ],
    "files": [
      "opacities.webp"
    ]
  },
  "scales": {
    "shape": [
      1999396,
      3
    ],
    "dtype": "float32",
    "mins": [
      -21.016284942626953,
      -20.74513816833496,
      -20.882402420043945
    ],
    "maxs": [
      3.737687110900879,
      3.5411384105682373,
      3.574275493621826
    ],
    "files": [
      "scales.webp"
    ]
  },
  "quats": {
    "shape": [
      1999396,
      3
    ],
    "dtype": "float32",
    "mins": [
      -0.9999855160713196,
      -0.9998469948768616,
      -0.999992847442627
    ],
    "maxs": [
      0.9999822974205017,
      0.9997197389602661,
      0.9999972581863403
    ],
    "files": [
      "quats.webp"
    ]
  },
  "sh0": {
    "shape": [
      1999396,
      1,
      3
    ],
    "dtype": "float32",
    "mins": [
      -2.4705140590667725,
      -2.691025972366333,
      -2.7319865226745605
    ],
    "maxs": [
      9.693083763122559,
      9.376484870910645,
      9.374255180358887
    ],
    "files": [
      "sh0.webp"
    ]
  },
  "shN": {
    "shape": [
      1999396,
      45
    ],
    "dtype": "float32",
    "mins": -1.5981104373931885,
    "maxs": 1.426803708076477,
    "quantization": 8,
    "files": [
      "shN_centroids.webp",
      "shN_labels_l.webp",
      "shN_labels_u.webp"
    ]
  }
}