{
    "camera": {
        "fov": 80,
        "position": [
            -0.5216721296310425,
            1.8032106161117554,
            0.8622002005577087
        ],
        "target": [
            0,
            1.4649281998059114,
            0
        ]
    },
    "background": {
        "color": [
            0.8862745098039215,
            0.9529411764705882,
            0.9725490196078431
        ]
    }
}